H5素材(3).zip	H5τ┤áµ¥É/Σ╝ÿΦ┤¿µ£¿σñ┤.png	pack_1\root\001_item.png
H5素材(3).zip	H5τ┤áµ¥É/τ½╣τ¡É.png	pack_1\root\002_item.png
H5素材(3).zip	H5τ┤áµ¥É/σ╣┐σæèΣ╜ìΘâ¿σêå.png	pack_1\root\003_item.png
H5素材(3).zip	H5τ┤áµ¥É/µ║¬µ░┤.png	pack_1\root\004_item.png
H5素材(3).zip	H5τ┤áµ¥É/τºìσ¡É.png	pack_1\root\005_item.png
H5素材(3).zip	H5τ┤áµ¥É/Σ╝ÿΦ┤¿µ£¿σñ┤2.png	pack_1\root\006_2.png
H5素材(3).zip	H5τ┤áµ¥É/σÇÆτºìσ¡É.png	pack_1\root\007_item.png
H5素材(3).zip	H5τ┤áµ¥É/ΘúÄµÖ»σ¢╛.png	pack_1\root\008_item.png
H5素材(3).zip	H5τ┤áµ¥É/Θö»σêÇ.png	pack_1\root\009_item.png
H5素材(3).zip	H5τ┤áµ¥É/µ¢▓Φ╛òτèüτñ║µäÅσ¢╛.jpg	pack_1\root\010_item.jpg
H5素材(3).zip	H5τ┤áµ¥É/µÖ«ΘÇÜµ£¿σñ┤.png	pack_1\root\011_item.png
H5素材(3).zip	H5τ┤áµ¥É/σ╝Çσñ┤τ⌐║τÖ╜τö╗σì╖Θí╡Θ¥óσåàΦâîµÖ».jpg	pack_1\root\012_item.jpg
H5素材(3).zip	H5τ┤áµ¥É/τºìσ¡ÉΦóï.png	pack_1\root\013_item.png
H5素材(3).zip	H5τ┤áµ¥É/µ¢▓Φ╛òτèüµï╝Φúà/µ£¬σæ╜σÉìΣ╜£σôü 9.PNG	pack_1\item\014_9.png
H5素材(3).zip	H5τ┤áµ¥É/µ¢▓Φ╛òτèüµï╝Φúà/µ£¬σæ╜σÉìΣ╜£σôü 8.PNG	pack_1\item\015_8.png
H5素材(3).zip	H5τ┤áµ¥É/µ¢▓Φ╛òτèüµï╝Φúà/µ£¬σæ╜σÉìΣ╜£σôü 3.PNG	pack_1\item\016_3.png
H5素材(3).zip	H5τ┤áµ¥É/µ¢▓Φ╛òτèüµï╝Φúà/µ¢▓Φ╛òτèüµêÉσ¢╛.PNG	pack_1\item\017_item.png
H5素材(3).zip	H5τ┤áµ¥É/µ¢▓Φ╛òτèüµï╝Φúà/µ£¬σæ╜σÉìΣ╜£σôü 6.PNG	pack_1\item\018_6.png
H5素材(3).zip	H5τ┤áµ¥É/µ¢▓Φ╛òτèüµï╝Φúà/µ£¬σæ╜σÉìΣ╜£σôü 7.PNG	pack_1\item\019_7.png
H5素材(3).zip	H5τ┤áµ¥É/µ¢▓Φ╛òτèüµï╝Φúà/µ£¬σæ╜σÉìΣ╜£σôü 5.PNG	pack_1\item\020_5.png
H5素材(3).zip	H5τ┤áµ¥É/µ¢▓Φ╛òτèüµï╝Φúà/µ£¬σæ╜σÉìΣ╜£σôü 4.PNG	pack_1\item\021_4.png
H5素材(3).zip	H5τ┤áµ¥É/τ╗ôσ░╛σà│σìíσ¢╛/IMG_9351.PNG	pack_1\item\022_IMG_9351.png
H5素材(3).zip	H5τ┤áµ¥É/τ╗ôσ░╛σà│σìíσ¢╛/IMG_9350.PNG	pack_1\item\023_IMG_9350.png
H5素材(3).zip	H5τ┤áµ¥É/τ╗ôσ░╛σà│σìíσ¢╛/IMG_9355.PNG	pack_1\item\024_IMG_9355.png
H5素材(3).zip	H5τ┤áµ¥É/τ╗ôσ░╛σà│σìíσ¢╛/µÜéσ«Ü Φ┐ÿΣ╝ÜσüÜµ¢┤µö╣∩╝êσñºΣ╜ôτ╗ôµ₧äΣ╕ìσÅÿ∩╝ë.PNG	pack_1\item\025_item.png
H5素材(3).zip	H5τ┤áµ¥É/σå£σà╖τ¢╕σà│σàâτ┤á/τöƒµêÉσÅ»τê▒µ£¿σñ┤µÅÉτñ║µ¥┐-8.png	pack_1\item\026_-8.png
H5素材(3).zip	H5τ┤áµ¥É/σå£σà╖τ¢╕σà│σàâτ┤á/µëïτ╗ÿσå£σà╖2.PNG	pack_1\item\027_2.png
H5素材(3).zip	H5τ┤áµ¥É/σå£σà╖τ¢╕σà│σàâτ┤á/µëïτ╗ÿσå£σà╖.PNG	pack_1\item\028_item.png
H5素材(3).zip	H5τ┤áµ¥É/σå£σà╖τ¢╕σà│σàâτ┤á/τöƒµêÉσÅ»τê▒µ£¿σñ┤µÅÉτñ║µ¥┐-7.png	pack_1\item\029_-7.png
H5素材(3).zip	H5τ┤áµ¥É/µÅÉτñ║µíåτ¢╕σà│σàâτ┤á/Σ╝ÿσàê3.png	pack_1\item\030_3.png
H5素材(3).zip	H5τ┤áµ¥É/µÅÉτñ║µíåτ¢╕σà│σàâτ┤á/Σ╝ÿσàê2.png	pack_1\item\031_2.png
H5素材(3).zip	H5τ┤áµ¥É/µÅÉτñ║µíåτ¢╕σà│σàâτ┤á/σàêτö¿Φ┐ÖΣ╕¬.png	pack_1\item\032_item.png
H5素材(3).zip	H5τ┤áµ¥É/µÅÉτñ║µíåτ¢╕σà│σàâτ┤á/Σ╝ÿσàê.png	pack_1\item\033_item.png
H5素材(3).zip	H5τ┤áµ¥É/µÅÉτñ║µíåτ¢╕σà│σàâτ┤á/τöƒµêÉσÅ»τê▒µ£¿σñ┤µÅÉτñ║µ¥┐-2_σë»µ£¼.png	pack_1\item\034_-2.png
H5素材(3).zip	H5τ┤áµ¥É/µÅÉτñ║µíåτ¢╕σà│σàâτ┤á/τöƒµêÉσÅ»τê▒µ£¿σñ┤µÅÉτñ║µ¥┐-3.png	pack_1\item\035_-3.png
H5素材(3).zip	H5τ┤áµ¥É/µÅÉτñ║µíåτ¢╕σà│σàâτ┤á/τöƒµêÉσÅ»τê▒µ£¿σñ┤µÅÉτñ║µ¥┐-2.png	pack_1\item\036_-2.png
H5素材(3).zip	H5τ┤áµ¥É/µÅÉτñ║µíåτ¢╕σà│σàâτ┤á/τöƒµêÉσÅ»τê▒µ£¿σñ┤µÅÉτñ║µ¥┐-4.png	pack_1\item\037_-4.png
H5素材(3).zip	H5τ┤áµ¥É/ΦºÆΦë▓σ¢╛/IMG_9245.PNG	pack_1\item\038_IMG_9245.png
H5素材(3).zip	H5τ┤áµ¥É/ΦºÆΦë▓σ¢╛/IMG_9244.PNG	pack_1\item\039_IMG_9244.png
H5素材(3).zip	H5τ┤áµ¥É/ΦºÆΦë▓σ¢╛/IMG_9246.PNG	pack_1\item\040_IMG_9246.png
H5素材(3).zip	H5τ┤áµ¥É/ΦºÆΦë▓σ¢╛/IMG_9247.PNG	pack_1\item\041_IMG_9247.png
H5素材(3).zip	H5τ┤áµ¥É/ΦºÆΦë▓σ¢╛/IMG_9243.PNG	pack_1\item\042_IMG_9243.png
H5素材(3).zip	H5τ┤áµ¥É/ΦºÆΦë▓σ¢╛/IMG_9242.PNG	pack_1\item\043_IMG_9242.png
H5素材(3).zip	H5τ┤áµ¥É/ΦºÆΦë▓σ¢╛/IMG_9241.PNG	pack_1\item\044_IMG_9241.png
H5素材(3).zip	H5τ┤áµ¥É/ΦºÆΦë▓σ¢╛/IMG_9276.PNG	pack_1\item\045_IMG_9276.png
H5素材(3).zip	H5τ┤áµ¥É/ΦºÆΦë▓σ¢╛/IMG_9249.PNG	pack_1\item\046_IMG_9249.png
H5素材(3).zip	H5τ┤áµ¥É/ΦºÆΦë▓σ¢╛/IMG_9275.PNG	pack_1\item\047_IMG_9275.png
H5素材(3).zip	H5τ┤áµ¥É/ΦºÆΦë▓σ¢╛/IMG_9248.PNG	pack_1\item\048_IMG_9248.png
H5素材(4).zip	H5τ┤áµ¥É/Σ╝ÿΦ┤¿µ£¿σñ┤.png	pack_2\root\001_item.png
H5素材(4).zip	H5τ┤áµ¥É/τ½╣τ¡É.png	pack_2\root\002_item.png
H5素材(4).zip	H5τ┤áµ¥É/µ║¬µ░┤.png	pack_2\root\003_item.png
H5素材(4).zip	H5τ┤áµ¥É/τºìσ¡É.png	pack_2\root\004_item.png
H5素材(4).zip	H5τ┤áµ¥É/b91471200fecc9264250352f60286e43.jpg	pack_2\root\005_b91471200fecc9264250352f60286e43.jpg
H5素材(4).zip	H5τ┤áµ¥É/Σ╝ÿΦ┤¿µ£¿σñ┤2.png	pack_2\root\006_2.png
H5素材(4).zip	H5τ┤áµ¥É/σÇÆτºìσ¡É.png	pack_2\root\007_item.png
H5素材(4).zip	H5τ┤áµ¥É/µû░σ»╣Φ»¥.png	pack_2\root\008_item.png
H5素材(4).zip	H5τ┤áµ¥É/ΘúÄµÖ»σ¢╛.png	pack_2\root\009_item.png
H5素材(4).zip	H5τ┤áµ¥É/Θö»σêÇ.png	pack_2\root\010_item.png
H5素材(4).zip	H5τ┤áµ¥É/µÖ«ΘÇÜµ£¿σñ┤.png	pack_2\root\011_item.png
H5素材(4).zip	H5τ┤áµ¥É/τºìσ¡ÉΦóï.png	pack_2\root\012_item.png
H5素材(4).zip	H5τ┤áµ¥É/ΦºÆΦë▓σ¢╛/IMG_9245.PNG	pack_2\item\013_IMG_9245.png
H5素材(4).zip	H5τ┤áµ¥É/ΦºÆΦë▓σ¢╛/IMG_9244.PNG	pack_2\item\014_IMG_9244.png
H5素材(4).zip	H5τ┤áµ¥É/ΦºÆΦë▓σ¢╛/IMG_9246.PNG	pack_2\item\015_IMG_9246.png
H5素材(4).zip	H5τ┤áµ¥É/ΦºÆΦë▓σ¢╛/IMG_9247.PNG	pack_2\item\016_IMG_9247.png
H5素材(4).zip	H5τ┤áµ¥É/ΦºÆΦë▓σ¢╛/IMG_9243.PNG	pack_2\item\017_IMG_9243.png
H5素材(4).zip	H5τ┤áµ¥É/ΦºÆΦë▓σ¢╛/IMG_9242.PNG	pack_2\item\018_IMG_9242.png
H5素材(4).zip	H5τ┤áµ¥É/ΦºÆΦë▓σ¢╛/IMG_9241.PNG	pack_2\item\019_IMG_9241.png
H5素材(4).zip	H5τ┤áµ¥É/ΦºÆΦë▓σ¢╛/IMG_9249.PNG	pack_2\item\020_IMG_9249.png
H5素材(4).zip	H5τ┤áµ¥É/ΦºÆΦë▓σ¢╛/IMG_9248.PNG	pack_2\item\021_IMG_9248.png
补充素材(1).zip	ΦíÑσààτ┤áµ¥É/µ╕╕µêÅµáçΘóÿ.png	pack_3\root\001_item.png
补充素材(1).zip	ΦíÑσààτ┤áµ¥É/H5σ«Üτ¿┐.pdf	pack_3\root\002_H5.pdf
补充素材(1).zip	ΦíÑσààτ┤áµ¥É/µÅÉτñ║µíå∩╝êσ╝Çσºïµ╕╕µêÅπÇüΦ┐¢σàÑτö╗σì╖∩╝ë.png	pack_3\root\003_item.png
补充素材(1).zip	ΦíÑσààτ┤áµ¥É/τ¼¼Σ║îσà│σ░üΘ¥óΣ╕èµûçσ¡ù/πÇÉΦÇòσ¢╛πÇæ02 ΦÇò.jpg	pack_3\item\004_02.jpg
补充素材(1).zip	ΦíÑσààτ┤áµ¥É/τ¼¼Σ║îσà│σ░üΘ¥óΣ╕èµûçσ¡ù/τ¼¼Σ║îσà│Σ╕èΘ¥óτÜäµûçσ¡ù.PNG	pack_3\item\005_item.png
补充素材(1).zip	ΦíÑσààτ┤áµ¥É/τ¼¼Σ╕Çσà│σ░üΘ¥óΣ╕èµûçσ¡ù/τ¼¼Σ╕Çσà│Σ╕èΘ¥óτÜäµûçσ¡ù.PNG	pack_3\item\006_item.png
补充素材(1).zip	ΦíÑσààτ┤áµ¥É/τ¼¼Σ╕Çσà│σ░üΘ¥óΣ╕èµûçσ¡ù/πÇÉΦÇòσ¢╛πÇæ01 µ╡╕τºì.jpg	pack_3\item\007_01.jpg